Time;Perf_Time;Action
16:57:28;2172934.586802845;H
16:57:28;2172934.904125445;e
16:57:28;2172934.972438785;l
16:57:29;2172935.186333696;l
16:57:29;2172935.416201706;o
16:57:29;2172935.696501809;SPACE
16:57:30;2172936.326267416;n
16:57:30;2172936.646578848;i
16:57:31;2172937.01648411;k
16:57:31;2172937.246444853;l
16:57:31;2172937.374464942;a
16:57:31;2172937.756186505;s
16:57:31;2172937.894104237;N
16:57:31;2172937.937409182;SPACE
16:57:32;2172938.686378319;BACK
