Time;Perf_Time;Action
09:26:32;2232278.873943059;H
09:26:33;2232279.031083018;e
09:26:33;2232279.222847224;y
09:26:33;2232279.349508254;SPACE
09:26:34;2232280.091657028;C
09:26:34;2232280.251872549;h
09:26:34;2232280.363507299;a
09:26:34;2232280.63050015;r
09:26:34;2232280.742853122;l
09:26:34;2232280.906769707;i
09:26:34;2232280.964110771;e
09:26:35;2232281.941547332;,
09:26:36;2232282.563560223;SPACE
09:26:47;2232293.099962946;i
09:26:49;2232295.675660635;t
09:26:49;2232295.893270794;s
09:26:50;2232296.345263546;BACK
09:26:51;2232297.926205166;‘
09:26:52;2232298.24377634;SPACE
09:26:52;2232298.997805797;BACK
09:26:53;2232299.258951252;s
09:26:53;2232299.441898378;SPACE
09:29:56;2232482.641953672;BACK
09:29:56;2232482.778274503;BACK
09:29:56;2232482.963813233;BACK
09:29:57;2232483.125388023;BACK
09:29:57;2232483.659218268;BACK
09:29:58;2232484.042914777;m
09:29:58;2232484.232713646;y
09:29:58;2232484.36402414;Ma
09:29:58;2232484.400292894;SPACE
09:29:59;2232485.043181286;BACK
09:29:59;2232485.193237256;BACK
09:29:59;2232485.346633731;BACK
09:30:00;2232486.499406322;m
09:30:00;2232486.688773943;y
09:30:01;2232487.452104057;SPACE
09:30:01;2232487.921659391;w
09:30:02;2232488.108593609;a
09:30:02;2232488.332590267;r
09:30:02;2232488.431555933;m
09:30:02;2232488.59235974;e
09:30:02;2232488.785776382;s
09:30:02;2232488.985409232;t
09:30:04;2232490.033347643;BACK
09:30:04;2232490.042769308;SPACE
09:30:05;2232491.007905374;BACK
09:30:05;2232491.16837379;BACK
09:30:05;2232491.28711718;BACK
09:30:05;2232491.462403668;BACK
09:30:05;2232491.614899994;BACK
09:30:05;2232491.765504547;BACK
09:30:06;2232492.330476362;a
09:30:06;2232492.611900255;r
09:30:06;2232492.795548229;m
09:30:06;2232492.92520767;e
09:30:07;2232493.223796133;s
09:30:07;2232493.455065442;t
09:30:08;2232494.6564658;BACK
09:30:08;2232494.821891341;BACK
09:30:08;2232494.944706156;BACK
09:30:09;2232495.080124172;BACK
09:30:09;2232495.247596789;BACK
09:30:09;2232495.383019789;BACK
09:30:09;2232495.507608822;BACK
09:30:25;2232511.217046566;BACK
09:30:25;2232511.993612044;BACK
09:30:26;2232512.171616608;BACK
09:30:26;2232512.272315006;BACK
09:30:40;2232526.396688708;SPACE
09:30:43;2232529.399450409;My warmest congratulations on your birthday! I hope you can enjoy your retirement as you have always imagined. Stay as you are! I look forward to seeing you again as soon as possible!
09:30:48;2232534.270896686;BACK
09:30:49;2232535.345572099;m
