Time;Perf_Time;Action
14:52:16;936.0400606;I was in Greece last week.
14:52:23;943.6588924; It was nice, warm, and peaceful.
14:52:38;958.7359124; When I saw the flag waving, I thought, '
14:52:48;968.2942083; this is a great country!'
14:52:59;979.7411767; to take the photos, but
14:53:10;990.3351518; so beautiful, it made
14:53:17;996.9655946; to stay for a
14:53:23;1003.2075833; way that I
14:53:39;1019.6252198; I think
14:53:48;1028.7466795; it.
