Time;Perf_Time;Action
14:44:55;494.8679331;Happy Birthday Tom. I hope you are fine.
14:45:17;516.8277558; Lenny\n\nA young
14:45:31;530.7713201; girl with a smile is the first thing you
14:45:43;543.6757152; notice.
14:45:50;550.3219047; Lenny\n\nOh.
14:45:55;554.9788675; That was sweet
14:46:00;560.3026622; How was
14:46:05;565.1280804; your day?
14:46:09;569.4881387; Lenny
14:46:12;572.5199869;
