Time;Perf_Time;Action
15:12:06;1460.3318069;Happy birthday Tony. 
15:12:32;1486.1292186;
15:12:42;1496.9204141; a long year but it's a great
15:12:48;1502.5440493; time.
15:12:59;1513.4168704;  You and your mom are my hero
15:13:07;1521.0752958; and I'll miss you.\n
15:13:13;1527.1701775;
15:13:18;1532.6918718;
